{
    "pieces":
    {
        "active": true,
        "factor": 1,
        "values": {
            "k": 100,
            "q": 9,
            "n": 3,
            "b": 3,
            "p": 1,
            "r": 5
        }
    },
    "cases":
    {
        "active": false,
        "factor": 1,
        "values": {
            "colonnes": {
                "0": 1,
                "1": 2,
                "2": 3,
                "3": 5,
                "4": 5,
                "5": 3,
                "6": 2,
                "7": 1
            },
            "lignes": {
                "0": 1,
                "1": 2,
                "2": 4,
                "3": 7,
                "4": 7,
                "5": 4,
                "6": 2,
                "7": 1
            }
        }
    },
    "stochastic": false
}